source,species
FishBase,Abramis brama
FishBase,Acantholabrus palloni
FishBase,Acipenser ruthenus
FishBase,Acipenser sturio
FishBase,Agonus cataphractus
FishBase,Alburnus alburnus
FishBase,Alepisaurus ferox
FishBase,Alepocephalus agassizii
FishBase,Alepocephalus bairdii
FishBase,Alepocephalus rostratus
FishBase,Alopias vulpinus
FishBase,Alosa alosa
FishBase,Alosa fallax
FishBase,Ambloplites rupestris
FishBase,Amblyraja hyperborea
FishBase,Amblyraja radiata
FishBase,Ameiurus melas
FishBase,Ameiurus nebulosus
FishBase,Ammodytes marinus
FishBase,Ammodytes tobianus
FishBase,Anarhichas denticulatus
FishBase,Anarhichas lupus
FishBase,Anguilla anguilla
FishBase,Anoplogaster cornuta
FishBase,Aphanopus carbo
FishBase,Aphia minuta
FishBase,Apletodon dentatus
FishBase,Arctozenus risso
FishBase,Argentina silus
FishBase,Argentina sphyraena
FishBase,Argyropelecus hemigymnus
FishBase,Argyropelecus olfersii
FishBase,Argyrosomus regius
FishBase,Arnoglossus imperialis
FishBase,Arnoglossus laterna
FishBase,Arnoglossus thori
FishBase,Artediellus atlanticus
FishBase,Atherina boyeri
FishBase,Atherina presbyter
FishBase,Auxis rochei
FishBase,Auxis thazard
FishBase,Avocettina infans
FishBase,Balistes capriscus
FishBase,Barbatula barbatula
FishBase,Barbus barbus
FishBase,Bathylagus euryops
FishBase,Bathyraja spinicauda
FishBase,Bathysaurus ferox
FishBase,Bathysolea profundicola
FishBase,Belone belone
FishBase,Belone svetovidovi
FishBase,Beryx decadactylus
FishBase,Blennius ocellaris
FishBase,Blicca bjoerkna
FishBase,Boops boops
FishBase,Brama brama
FishBase,Brosme brosme
FishBase,Buenia jeffreysii
FishBase,Buglossidium luteum
FishBase,Callanthias ruber
FishBase,Callionymus lyra
FishBase,Callionymus maculatus
FishBase,Callionymus reticulatus
FishBase,Campogramma glaycos
FishBase,Capros aper
FishBase,Carassius auratus
FishBase,Carassius carassius
FishBase,Cataetyx laticeps
FishBase,Centrolabrus exoletus
FishBase,Centrolophus niger
FishBase,Centrophorus squamosus
FishBase,Centroscyllium fabricii
FishBase,Centroscymnus coelolepis
FishBase,Centroscymnus crepidater
FishBase,Cepola macrophthalma
FishBase,Ceratias holboelli
FishBase,Cetorhinus maximus
FishBase,Cheilopogon heterurus
FishBase,Chelidonichthys cuculus
FishBase,Chelidonichthys lastoviza
FishBase,Chelidonichthys lucerna
FishBase,Chelidonichthys obscurus
FishBase,Chelon aurata
FishBase,Chelon labrosus
FishBase,Chelon ramada
FishBase,Chimaera monstrosa
FishBase,Chimaera opalescens
FishBase,Chirolophis ascanii
FishBase,Chlamydoselachus anguineus
FishBase,Ciliata mustela
FishBase,Ciliata septentrionalis
FishBase,Clupea harengus
FishBase,Cobitis taenia
FishBase,Coelorinchus caelorhincus
FishBase,Coelorinchus labiatus
FishBase,Conger conger
FishBase,Coptodon zillii
FishBase,Coregonus albula
FishBase,Coregonus autumnalis
FishBase,Coregonus clupeoides
FishBase,Coregonus lavaretus
FishBase,Coregonus pennantii
FishBase,Coregonus stigmaticus
FishBase,Coregonus vandesius
FishBase,Coris julis
FishBase,Coryphaenoides armatus
FishBase,Coryphaenoides guentheri
FishBase,Coryphaenoides rupestris
FishBase,Coryphoblennius galerita
FishBase,Cottunculus microps
FishBase,Cottus gobio
FishBase,Cottus perifretum
FishBase,Crystallogobius linearis
FishBase,Ctenolabrus rupestris
FishBase,Cubiceps gracilis
FishBase,Cyclopterus lumpus
FishBase,Cyprinus carpio
FishBase,Dactylopterus volitans
FishBase,Dalatias licha
FishBase,Dasyatis pastinaca
FishBase,Deania calcea
FishBase,Dentex dentex
FishBase,Dentex maroccanus
FishBase,Diaphus metopoclampus
FishBase,Diaphus rafinesquii
FishBase,Dicentrarchus labrax
FishBase,Diplecogaster bimaculata
FishBase,Dipturus batis
FishBase,Dipturus nidarosiensis
FishBase,Dipturus oxyrinchus
FishBase,Diretmus argenteus
FishBase,Dolichopteryx rostrata
FishBase,Echiichthys vipera
FishBase,Echinorhinus brucus
FishBase,Echiodon drummondii
FishBase,Electrona risso
FishBase,Enchelyopus cimbrius
FishBase,Engraulis encrasicolus
FishBase,Entelurus aequoreus
FishBase,Epigonus telescopus
FishBase,Esox lucius
FishBase,Etmopterus princeps
FishBase,Etmopterus spinax
FishBase,Euthynnus alletteratus
FishBase,Eutrigla gurnardus
FishBase,Gadiculus thori
FishBase,Gadus morhua
FishBase,Gaidropsarus argentatus
FishBase,Gaidropsarus macrophthalmus
FishBase,Gaidropsarus mediterraneus
FishBase,Gaidropsarus vulgaris
FishBase,Galeorhinus galeus
FishBase,Galeus melastomus
FishBase,Gasterosteus aculeatus
FishBase,Glyptocephalus cynoglossus
FishBase,Gobio gobio
FishBase,Gobius cobitis
FishBase,Gobius couchi
FishBase,Gobius cruentatus
FishBase,Gobius gasteveni
FishBase,Gobius niger
FishBase,Gobius paganellus
FishBase,Gobiusculus flavescens
FishBase,Gymnammodytes semisquamatus
FishBase,Gymnocephalus cernua
FishBase,Halargyreus johnsonii
FishBase,Harriotta raleighana
FishBase,Helicolenus dactylopterus
FishBase,Heptranchias perlo
FishBase,Hexanchus griseus
FishBase,Himantolophus groenlandicus
FishBase,Hippocampus guttulatus
FishBase,Hippocampus hippocampus
FishBase,Hippoglossoides platessoides
FishBase,Hippoglossus hippoglossus
FishBase,Hirundichthys rondeletii
FishBase,Hoplostethus mediterraneus
FishBase,Hyperoglyphe perciformis
FishBase,Hyperoplus immaculatus
FishBase,Hyperoplus lanceolatus
FishBase,Icelus bicornis
FishBase,Ictalurus punctatus
FishBase,Istiophorus albicans
FishBase,Isurus oxyrinchus
FishBase,Kajikia albida
FishBase,Katsuwonus pelamis
FishBase,Labrus bergylta
FishBase,Labrus mixtus
FishBase,Lagocephalus lagocephalus
FishBase,Lamna nasus
FishBase,Lampanyctus crocodilus
FishBase,Lampanyctus intricarius
FishBase,Lampanyctus macdonaldi
FishBase,Lampanyctus pusillus
FishBase,Lampetra fluviatilis
FishBase,Lampetra planeri
FishBase,Lampris guttatus
FishBase,Lebetus guilleti
FishBase,Lebetus scorpioides
FishBase,Lepadogaster candolii
FishBase,Lepidion eques
FishBase,Lepidocybium flavobrunneum
FishBase,Lepidopus caudatus
FishBase,Lepidorhombus boscii
FishBase,Lepidorhombus whiffiagonis
FishBase,Lepomis gibbosus
FishBase,Leptoclinus maculatus
FishBase,Lesueurigobius friesii
FishBase,Leucaspius delineatus
FishBase,Leuciscus idus
FishBase,Leuciscus leuciscus
FishBase,Leucoraja circularis
FishBase,Leucoraja fullonica
FishBase,Leucoraja naevus
FishBase,Limanda limanda
FishBase,Liparis liparis
FishBase,Liparis montagui
FishBase,Lipophrys pholis
FishBase,Lophius budegassa
FishBase,Lophius piscatorius
FishBase,Lota lota
FishBase,Lumpenus lampretaeformis
FishBase,Luvarus imperialis
FishBase,Lycenchelys sarsii
FishBase,Lycodes esmarkii
FishBase,Macroramphosus scolopax
FishBase,Macrourus berglax
FishBase,Magnisudis atlantica
FishBase,Malacocephalus laevis
FishBase,Maurolicus muelleri
FishBase,Melanogrammus aeglefinus
FishBase,Merlangius merlangus
FishBase,Merluccius merluccius
FishBase,Micrenophrys lilljeborgii
FishBase,Microchirus azevia
FishBase,Microchirus theophila
FishBase,Microchirus variegatus
FishBase,Micromesistius poutassou
FishBase,Microstomus kitt
FishBase,Misgurnus fossilis
FishBase,Mobula mobular
FishBase,Mola mola
FishBase,Molva dypterygia
FishBase,Molva macrophthalma
FishBase,Molva molva
FishBase,Mora moro
FishBase,Mugil cephalus
FishBase,Mullus barbatus barbatus
FishBase,Mullus surmuletus
FishBase,Muraena helena
FishBase,Mustelus asterias
FishBase,Mustelus mustelus
FishBase,Myctophum punctatum
FishBase,Myliobatis aquila
FishBase,Myoxocephalus scorpius
FishBase,Myxine glutinosa
FishBase,Narcetes stomias
FishBase,Naucrates ductor
FishBase,Nemichthys scolopaceus
FishBase,Nerophis lumbriciformis
FishBase,Nerophis ophidion
FishBase,Nesiarchus nasutus
FishBase,Nezumia aequalis
FishBase,Normichthys operosus
FishBase,Notacanthus bonaparte
FishBase,Notacanthus chemnitzii
FishBase,Notolychnus valdiviae
FishBase,Oncorhynchus gorbuscha
FishBase,Oncorhynchus mykiss
FishBase,Ophidion barbatum
FishBase,Orcynopsis unicolor
FishBase,Oreochromis niloticus
FishBase,Osmerus eperlanus
FishBase,Oxynotus centrina
FishBase,Oxynotus paradoxus
FishBase,Pagellus acarne
FishBase,Pagellus bogaraveo
FishBase,Pagellus erythrinus
FishBase,Pagrus pagrus
FishBase,Parablennius gattorugine
FishBase,Paralepis coregonoides
FishBase,Pegusa lascaris
FishBase,Perca fluviatilis
FishBase,Peristedion cataphractum
FishBase,Petromyzon marinus
FishBase,Pholis gunnellus
FishBase,Phoxinus phoxinus
FishBase,Phrynorhombus norvegicus
FishBase,Phycis blennoides
FishBase,Pimephales promelas
FishBase,Platichthys flesus
FishBase,Pleuronectes platessa
FishBase,Poecilia reticulata
FishBase,Pollachius pollachius
FishBase,Pollachius virens
FishBase,Polyprion americanus
FishBase,Pomatoschistus lozanoi
FishBase,Pomatoschistus microps
FishBase,Pomatoschistus minutus
FishBase,Pomatoschistus norvegicus
FishBase,Pomatoschistus pictus
FishBase,Poromitra nigriceps
FishBase,Prionace glauca
FishBase,Pseudorasbora parva
FishBase,Pseudotriakis microdon
FishBase,Pteroplatytrygon violacea
FishBase,Pterycombus brama
FishBase,Pungitius laevis
FishBase,Pungitius pungitius
FishBase,Raja brachyura
FishBase,Raja clavata
FishBase,Raja microocellata
FishBase,Raja montagui
FishBase,Raja undulata
FishBase,Rajella fyllae
FishBase,Raniceps raninus
FishBase,Ranzania laevis
FishBase,Regalecus glesne
FishBase,Reinhardtius hippoglossoides
FishBase,Remora remora
FishBase,Rhinochimaera atlantica
FishBase,Rhodeus amarus
FishBase,Rhodeus sericeus
FishBase,Rostroraja alba
FishBase,Rouleina attrita
FishBase,Rouleina maderensis
FishBase,Rutilus rutilus
FishBase,Ruvettus pretiosus
FishBase,Sagamichthys schnakenbecki
FishBase,Salmo ferox
FishBase,Salmo nigripinnis
FishBase,Salmo salar
FishBase,Salmo stomachicus
FishBase,Salmo trutta
FishBase,Salvelinus alpinus
FishBase,Salvelinus fontinalis
FishBase,Salvelinus gracillimus
FishBase,Salvelinus inframundus
FishBase,Salvelinus killinensis
FishBase,Salvelinus lonsdalii
FishBase,Salvelinus mallochi
FishBase,Salvelinus maxillaris
FishBase,Salvelinus obtusus
FishBase,Salvelinus perisii
FishBase,Salvelinus struanensis
FishBase,Salvelinus willoughbii
FishBase,Salvelinus youngeri
FishBase,Sander lucioperca
FishBase,Sarda sarda
FishBase,Sardina pilchardus
FishBase,Sarpa salpa
FishBase,Scardinius erythrophthalmus
FishBase,Schedophilus medusophagus
FishBase,Scomber scombrus
FishBase,Scomberesox saurus
FishBase,Scopelosaurus lepidus
FishBase,Scophthalmus maximus
FishBase,Scophthalmus rhombus
FishBase,Scorpaena porcus
FishBase,Scorpaena scrofa
FishBase,Scyliorhinus canicula
FishBase,Scyliorhinus stellaris
FishBase,Scymnodon ringens
FishBase,Searsia koefoedi
FishBase,Sebastes norvegicus
FishBase,Sebastes viviparus
FishBase,Seriola dumerili
FishBase,Serranus cabrilla
FishBase,Silurus glanis
FishBase,Solea solea
FishBase,Somniosus microcephalus
FishBase,Sparus aurata
FishBase,Spectrunculus grandis
FishBase,Sphoeroides pachygaster
FishBase,Sphyrna zygaena
FishBase,Spinachia spinachia
FishBase,Spondyliosoma cantharus
FishBase,Sprattus sprattus
FishBase,Squalius cephalus
FishBase,Squalus acanthias
FishBase,Squatina squatina
FishBase,Sternoptyx diaphana
FishBase,Stomias boa ferox
FishBase,Symbolophorus veranyi
FishBase,Symphodus bailloni
FishBase,Symphodus melops
FishBase,Syngnathus acus
FishBase,Syngnathus rostellatus
FishBase,Syngnathus typhle
FishBase,Taractes asper
FishBase,Taractichthys longipinnis
FishBase,Taurulus bubalis
FishBase,Tetronarce nobiliana
FishBase,Thorogobius ephippiatus
FishBase,Thunnus alalunga
FishBase,Thunnus albacares
FishBase,Thunnus thynnus
FishBase,Thymallus thymallus
FishBase,Tinca tinca
FishBase,Torpedo marmorata
FishBase,Trachinotus ovatus
FishBase,Trachinus draco
FishBase,Trachipterus arcticus
FishBase,Trachurus trachurus
FishBase,Trachyrincus scabrus
FishBase,Trachyscorpia cristulata echinata
FishBase,Trichiurus lepturus
FishBase,Trigla lyra
FishBase,Triglops murrayi
FishBase,Tripterygion delaisi
FishBase,Trisopterus esmarkii
FishBase,Trisopterus luscus
FishBase,Trisopterus minutus
FishBase,Umbrina cirrosa
FishBase,Xenodermichthys copei
FishBase,Xiphias gladius
FishBase,Zameus squamulosus
FishBase,Zeugopterus punctatus
FishBase,Zeugopterus regius
FishBase,Zeus faber
FishBase,Zoarces viviparus
WFD,Blicca bjoerkna
WFD,Abramis brama
WFD,Acipenser sturio
WFD,Alburnus alburnus
WFD,Barbatula barbatula
WFD,Barbus barbus
WFD,Carassius auratus
WFD,Coregonus albula
WFD,Coregonus autumnalis
WFD,Coregonus lavaretus
WFD,Coregonus oxyrinchus
WFD,Cottus gobio
WFD,Cyprinus carpio
WFD,Esox lucius
WFD,Gobio gobio
WFD,Gymnocephalus cernua
WFD,Lampetra fluviatilis
WFD,Lampetra planeri
WFD,Leuciscus cephalus
WFD,Leuciscus leuciscus
WFD,Perca fluviatilis
WFD,Phoxinus phoxinus
WFD,Rutilus rutilus
WFD,Salvelinus alpinus
WFD,Sander lucioperca
WFD,Scardinius erythrophthalmus
WFD,Thymallus thymallus
WFD,Tinca tinca
WFD,Agonus cataphractus
WFD,Alosa alosa
WFD,Alosa fallax
WFD,Ammodytes marinus
WFD,Ammodytes tobianus
WFD,Anarhichas lupus
WFD,Anguilla anguilla
WFD,Aphia minuta
WFD,Apletodon dentatus
WFD,Apletodon microcephalus
WFD,Argentina sphyraena
WFD,Argyrosomus regius
WFD,Arnoglossus laterna
WFD,Aspitrigla cuculus
WFD,Atherina boyeri
WFD,Atherina presbyter
WFD,Balistes capriscus
WFD,Belone belone
WFD,Blennius ocellaris
WFD,Buenia jeffreysii
WFD,Buglossidium luteum
WFD,Callionymus lyra
WFD,Callionymus maculatus
WFD,Callionymus reticulatus
WFD,Centrolabrus exoletus
WFD,Cepola rubescens
WFD,Chelidonichthys lucernus
WFD,Chelon labrosus
WFD,Chirolophis ascanii
WFD,Ciliata mustela
WFD,Ciliata septentrionalis
WFD,Clupea harengus
WFD,Conger conger
WFD,Coryphoblennius galerita
WFD,Crenilabrus melops
WFD,Crystallogobius linearis
WFD,Ctenolabrus rupestris
WFD,Cyclopterus lumpus
WFD,Dasyatis pastinaca
WFD,Dicentrarchus labrax
WFD,Diplecogaster bimaculata
WFD,Echiichthys vipera
WFD,Enchelyopus cimbrius
WFD,Engraulis encrasicolus
WFD,Entelurus aequoreus
WFD,Eutrigla gurnardus
WFD,Gadiculus argenteus
WFD,Gadus morhua
WFD,Gaidropsarus mediterraneus
WFD,Gaidropsarus vulgaris
WFD,Galeus melastomus
WFD,Gasterosteus aculeatus
WFD,Glyptocephalus cynoglossus
WFD,Gobius cobitis
WFD,Gobius niger
WFD,Gobius paganellus
WFD,Gobiusculus flavescens
WFD,Hippocampus guttulatus
WFD,Hippocampus hippocampus
WFD,Hippoglossoides platessoides
WFD,Hippoglossus hippoglossus
WFD,Hyperoplus immaculatus
WFD,Hyperoplus lanceolatus
WFD,Labrus bergylta
WFD,Labrus mixtus
WFD,Lepadogaster lepadogaster
WFD,Lepidorhombus whiffiagonis
WFD,Lesueurigobius friesii
WFD,Limanda limanda
WFD,Liparis liparis
WFD,Liparis montagui
WFD,Lipophrys pholis
WFD,Liza aurata
WFD,Liza ramada
WFD,Lophius piscatorius
WFD,Lumpenus lampretaeformis
WFD,Maurolicus muelleri
WFD,Melanogrammus aeglefinus
WFD,Merlangius merlangus
WFD,Merluccius merluccius
WFD,Micrenophrys lilljeborgii
WFD,Microchirus variegatus
WFD,Micromesistius poutassou
WFD,Microstomus kitt
WFD,Molva molva
WFD,Mullus surmuletus
WFD,Mustelus asterias
WFD,Mustelus mustelus
WFD,Myoxocephalus scorpius
WFD,Myxine glutinosa
WFD,Nerophis lumbriciformis
WFD,Nerophis ophidion
WFD,Oncorhynchus mykiss
WFD,Osmerus eperlanus
WFD,Pagellus bogaraveo
WFD,Parablennius gattorugine
WFD,Pegusa lascaris
WFD,Petromyzon marinus
WFD,Pholis gunnellus
WFD,Phrynorhombus norvegicus
WFD,Phycis blennoides
WFD,Platichthys flesus
WFD,Pleuronectes platessa
WFD,Pollachius pollachius
WFD,Pollachius virens
WFD,Pomatoschistus lozanoi
WFD,Pomatoschistus microps
WFD,Pomatoschistus minutus
WFD,Pomatoschistus norvegicus
WFD,Pomatoschistus pictus
WFD,Psetta maxima
WFD,Pungitius pungitius
WFD,Raja batis
WFD,Raja brachyura
WFD,Raja clavata
WFD,Raja microocellata
WFD,Raja montagui
WFD,Raja naevus
WFD,Raniceps raninus
WFD,Salmo salar
WFD,Salmo trutta
WFD,Sardina pilchardus
WFD,Scomber scombrus
WFD,Scomberesox saurus
WFD,Scophthalmus rhombus
WFD,Scorpaena porcus
WFD,Scyliorhinus canicula
WFD,Scyliorhinus stellaris
WFD,Solea solea
WFD,Sparus aurata
WFD,Spinachia spinachia
WFD,Spondyliosoma cantharus
WFD,Sprattus sprattus
WFD,Squalus acanthias
WFD,Squatina squatina
WFD,Syngnathus acus
WFD,Syngnathus rostellatus
WFD,Syngnathus typhle
WFD,Taurulus bubalis
WFD,Thorogobius ephippiatus
WFD,Trachinus draco
WFD,Trachurus trachurus
WFD,Trigla lyra
WFD,Trigloporus lastoviza
WFD,Trisopterus esmarkii
WFD,Trisopterus luscus
WFD,Trisopterus minutus
WFD,Zeugopterus punctatus
WFD,Zeugopterus regius
WFD,Zeus faber
WFD,Zoarces viviparus
GBIF,Abramis brama
GBIF,Acanthistius sebastoides
GBIF,Agonus cataphractus
GBIF,Alburnus alburnus
GBIF,Alepocephalus bairdii
GBIF,Alosa alosa
GBIF,Alosa fallax
GBIF,Amblyraja hyperborea
GBIF,Amblyraja jenseni
GBIF,Amblyraja radiata
GBIF,Ammodytes americanus
GBIF,Ammodytes marinus
GBIF,Ammodytes tobianus
GBIF,Anarhichas denticulatus
GBIF,Anarhichas lupus
GBIF,Anarhichas minor
GBIF,Anguilla anguilla
GBIF,Anguilla brevirostris
GBIF,Anoplogaster cornuta
GBIF,Antimora rostrata
GBIF,Aphanopus carbo
GBIF,Aphia minuta
GBIF,Apletodon dentatus
GBIF,Apristurus aphyodes
GBIF,Apristurus laurussonii
GBIF,Apristurus profundorum
GBIF,Arctozenus risso
GBIF,Arctozenus rissoi
GBIF,Argentina silus
GBIF,Argentina sphyraena
GBIF,Argyropelecus hemigymnus
GBIF,Argyropelecus olfersii
GBIF,Arnoglossus imperialis
GBIF,Arnoglossus laterna
GBIF,Atherina presbyter
GBIF,Bajacalifornia megalops
GBIF,Barbantus curvifrons
GBIF,Barbatula barbatula
GBIF,Barbatula barbatulus
GBIF,Bathylagichthys greyae
GBIF,Bathylagus euryops
GBIF,Bathylychnops exilis
GBIF,Bathypterois dubius
GBIF,Bathyraja brachyura
GBIF,Bathyraja richardsoni
GBIF,Bathyraja spinicauda
GBIF,Bathysaurus ferox
GBIF,Belone belone
GBIF,Benthosema glaciale
GBIF,Blennius ocellaris
GBIF,Bolinichthys supralateralis
GBIF,Bonapartia pedaliota
GBIF,Borostomias antarcticus
GBIF,Brama brama
GBIF,Brosme brosme
GBIF,Brotula barbata
GBIF,Buenia jeffreysi
GBIF,Buenia jeffreysii
GBIF,Buglossidium luteum
GBIF,Buglossidium luteus
GBIF,Callionymus lyra
GBIF,Callionymus maculatus
GBIF,Callionymus reticulatus
GBIF,Capros aper
GBIF,Carassius vulgaris
GBIF,Careproctus longipinnis
GBIF,Careproctus reinhardi
GBIF,Careproctus reinhardti
GBIF,Cataetyx laticeps
GBIF,Centrolabrus exoletus
GBIF,Centrolophus niger
GBIF,Centrophorus granulosus
GBIF,Centrophorus squamosus
GBIF,Centroscyllium fabricii
GBIF,Centroscymnus coelolepis
GBIF,Centroscymnus crepidater
GBIF,Centroscymnus cryptacanthus
GBIF,Cepola macrophthalma
GBIF,Cepola rubescens
GBIF,Ceratias holboelli
GBIF,Ceratoscopelus maderensis
GBIF,Ceratoscopelus warmingii
GBIF,Chaenophryne draco
GBIF,Chauliodus sloani
GBIF,Chelidonichthys cuculus
GBIF,Chelidonichthys lucerna
GBIF,Chiasmodon niger
GBIF,Chirolophis ascanii
GBIF,Chlamydoselachus anguineus
GBIF,Cichlasoma bimaculatum
GBIF,Ciliata mustela
GBIF,Ciliata septentrionalis
GBIF,Clupea harengus
GBIF,Coelorinchus caelorhincus
GBIF,Coelorinchus caudani
GBIF,Coelorinchus coelorhinchus
GBIF,Coelorinchus labiatus
GBIF,Coelorinchus occa
GBIF,Conger conger
GBIF,Coregonus pollan
GBIF,Coryphaenoides armatus
GBIF,Coryphaenoides brevibarbis
GBIF,Coryphaenoides guentheri
GBIF,Coryphaenoides mediterranea
GBIF,Coryphaenoides mediterraneus
GBIF,Coryphaenoides rupestris
GBIF,Cottunculus microps
GBIF,Cottunculus thompsoni
GBIF,Cottunculus thomsonii
GBIF,Cottus gobio
GBIF,Cryptopsaras couesii
GBIF,Crystallogobius linearis
GBIF,Ctenolabrus rupestris
GBIF,Cyclopterus lumpus
GBIF,Cyclothone braueri
GBIF,Cyclothone microdon
GBIF,Cyclothone obscura
GBIF,Dalatias licha
GBIF,Deania calcea
GBIF,Diaphus dumerilii
GBIF,Diaphus rafinesquii
GBIF,Dicentrarchus labrax
GBIF,Diplecogaster bimaculata
GBIF,Diplecogaster bimaculatus
GBIF,Dipturus batis
GBIF,Dipturus nidrosiensis
GBIF,Diretmus argenteus
GBIF,Dolichopteroides binocularis
GBIF,Dolichopteryx rostrata
GBIF,Echiichthys vipera
GBIF,Echiodon drummondii
GBIF,Electrona risso
GBIF,Enchelyopus cimbrius
GBIF,Engraulis encrasicolus
GBIF,Entelurus aequoreus
GBIF,Epigonus telescopus
GBIF,Esox lucius
GBIF,Etmopterus princeps
GBIF,Etmopterus spinax
GBIF,Eutrigla gurnardus
GBIF,Evermannella balbo
GBIF,Flagellostomias boureei
GBIF,Gadiculus argenteus
GBIF,Gadiculus thori
GBIF,Gadus callarias
GBIF,Gadus morhua
GBIF,Gaidropsarus argentatus
GBIF,Gaidropsarus macrophthalmus
GBIF,Gaidropsarus macropthalmus
GBIF,Gaidropsarus mediterraneus
GBIF,Gaidropsarus vulgaris
GBIF,Galeorhinus galeus
GBIF,Galeus melastomus
GBIF,Galeus murinus
GBIF,Gasterosteus aculeatus
GBIF,Gephyroberyx darwinii
GBIF,Glyptocephalus cynoglossus
GBIF,Gobio gobio
GBIF,Gobiusculus flavescens
GBIF,Gobius niger
GBIF,Gobius paganellus
GBIF,Grammicolepis brachiusculus
GBIF,Guttigadus latifrons
GBIF,Gymnammodytes cicerelus
GBIF,Gymnammodytes semisquamatus
GBIF,Gymnocephalus cernus
GBIF,Halargyreus affinis
GBIF,Halargyreus johnsonii
GBIF,Halosauropsis macrochir
GBIF,Halosauropsis macrochira
GBIF,Halosaurus johnsonianus
GBIF,Helicolenus dactylopterus
GBIF,Hexanchus griseus
GBIF,Himantolophus groenlandicus
GBIF,Hippoglossoides limandoides
GBIF,Hippoglossoides platessoides
GBIF,Histiobranchus bathybius
GBIF,Holtbyrnia anomala
GBIF,Holtbyrnia macrops
GBIF,Hoplostethus atlanticus
GBIF,Hoplostethus mediterraneus
GBIF,Howella brodiei
GBIF,Hyperoplus immaculatus
GBIF,Hyperoplus lanceolatus
GBIF,Icelus bicornis
GBIF,Ilyophis blachei
GBIF,Isurus oxyrinchus
GBIF,Labrus bergylta
GBIF,Lamna nasus
GBIF,Lampadena speculigera
GBIF,Lampanyctus crocodilus
GBIF,Lampanyctus intricarius
GBIF,Lampanyctus macdonaldi
GBIF,Lampanyctus pusillus
GBIF,Lamprogrammus shcherbachevi
GBIF,Lebetus scorpioides
GBIF,Lepidion eques
GBIF,Lepidorhombus boscii
GBIF,Lepidorhombus whiffiagonis
GBIF,Lesueurigobius friesi
GBIF,Lethrinus nebulosus
GBIF,Leuciscus idus
GBIF,Leuciscus leuciscus
GBIF,Leuciscus vulgaris
GBIF,Leucobrotula adipata
GBIF,Leucoraja circularis
GBIF,Leucoraja fullonica
GBIF,Leucoraja naevus
GBIF,Limanda limanda
GBIF,Liparis liparis
GBIF,Lipophrys pholis
GBIF,Liza aurata
GBIF,Lophius piscatorius
GBIF,Lumpenus lampretaeformis
GBIF,Lumpenus lumpretaeformis
GBIF,Lycodes esmarkii
GBIF,Lycodes eudipleurostictus
GBIF,Lycodes pallidus
GBIF,Lycodes squamiventer
GBIF,Lycodes terraenovae
GBIF,Lycodes vahlii
GBIF,Lycodonus flagellicauda
GBIF,Macroramphosus scolopax
GBIF,Macrourus berglax
GBIF,Magnisudis atlantica
GBIF,Magnisudis atlanticus
GBIF,Malacocephalus laevis
GBIF,Malacosteus niger
GBIF,Maulisia mauli
GBIF,Maurolicus muelleri
GBIF,Melamphaes suborbitalis
GBIF,Melanocetus johnsonii
GBIF,Melanogrammus aeglefinus
GBIF,Melanonus zugmayeri
GBIF,Melanostigma atlanticum
GBIF,Melanostomias bartonbeani
GBIF,Melanostomias spilorhynchus
GBIF,Merlangius merlangus
GBIF,Merluccius byrkelange
GBIF,Merluccius merluccius
GBIF,Microchirus variegatus
GBIF,Micromesistius poutassou
GBIF,Microstomus kitt
GBIF,Mola mola
GBIF,Molva dypterygia
GBIF,Molva macrophthalma
GBIF,Molva molva
GBIF,Mora moro
GBIF,Mullus surmuletus
GBIF,Mustelus asterias
GBIF,Mustelus mustelus
GBIF,Myctophum nitidulum
GBIF,Myctophum punctatum
GBIF,Myoxocephalus scorpius
GBIF,Nannobrachium ater
GBIF,Nansenia groenlandica
GBIF,Nemichthys scolopaceus
GBIF,Neocyttus helgae
GBIF,Neoraja caerulea
GBIF,Neoscopelus macrolepidotus
GBIF,Nerophis lumbriciformis
GBIF,Nessorhamphus ingolfianus
GBIF,Nezumia aequalis
GBIF,Nezumia sclerorhynchus
GBIF,Normichthys operosus
GBIF,Notacanthus bonaparte
GBIF,Notacanthus bonapartei
GBIF,Notacanthus chemnitzii
GBIF,Notoscopelus elongatus
GBIF,Notoscopelus kroyeri
GBIF,Oneirodes eschrichtii
GBIF,Osmerus eperlanus
GBIF,Oxynotus paradoxus
GBIF,Pagellus bogaraveo
GBIF,Parablennius gattorugine
GBIF,Parabrotula plagiophthalma
GBIF,Paraliparis bathybius
GBIF,Paraliparis challengeri
GBIF,Paraliparis hystrix
GBIF,Paraliparis kreffti
GBIF,Pegusa lascaris
GBIF,Peprilus triacanthus
GBIF,Perca fluviatilis
GBIF,Pholis gunnellus
GBIF,Photocorynus spiniceps
GBIF,Phoxinus phoxinus
GBIF,Phrynorhombus norvegicus
GBIF,Phycis blennoides
GBIF,Platichthys flesus
GBIF,Pleuronectes platessa
GBIF,Pollachius pollachius
GBIF,Pollachius virens
GBIF,Polyacanthonotus challengeri
GBIF,Polyacanthonotus rissoanus
GBIF,Polyprion americanus
GBIF,Pomatoschistus lozanoi
GBIF,Pomatoschistus microps
GBIF,Pomatoschistus minutus
GBIF,Pomatoschistus norvegicus
GBIF,Pomatoschistus pictus
GBIF,Protomyctophum arcticum
GBIF,Psenes maculatus
GBIF,Pseudoscopelus altipinnis
GBIF,Pseudotriakis microdon
GBIF,Pungitius pungitius
GBIF,Raja brachyura
GBIF,Raja clavata
GBIF,Raja microocellata
GBIF,Raja miraletus
GBIF,Raja montagui
GBIF,Raja undulata
GBIF,Rajella bathyphila
GBIF,Rajella bigelowi
GBIF,Rajella fyllae
GBIF,Raniceps raninus
GBIF,Reinhardtius hippoglossoides
GBIF,Rhadinesthes decimus
GBIF,Rouleina attrita
GBIF,Rouleina maderensis
GBIF,Rutilus rutilus
GBIF,Sagamichthys schnakenbecki
GBIF,Salvelinus willoughbii
GBIF,Scardinius erythrophthalmus
GBIF,Schedophilus medusophagus
GBIF,Scomber scombrus
GBIF,Scopelogadus beanii
GBIF,Scopelogadus mizolepis
GBIF,Scopelosaurus lepidus
GBIF,Scophthalmus rhombus
GBIF,Scyliorhinus canicula
GBIF,Scyliorhinus stellaris
GBIF,Scymnodon ringens
GBIF,Searsia koefoedi
GBIF,Sebastes marinus
GBIF,Sebastes viviparus
GBIF,Serranus cabrilla
GBIF,Serrivomer beanii
GBIF,Sigmops bathyphilum
GBIF,Simenchelys parasitica
GBIF,Solea solea
GBIF,Solea vulgaris
GBIF,Somniosus rostratus
GBIF,Spectrunculus grandis
GBIF,Sphoeroides pachygaster
GBIF,Spinachia spinachia
GBIF,Spondyliosoma cantharus
GBIF,Sprattus sprattus
GBIF,Squalius cephalus
GBIF,Squalus acanthias
GBIF,Squalus vulgaris
GBIF,Squatina squatina
GBIF,Stomias boa
GBIF,Symbolophorus veranyi
GBIF,Symphodus melops
GBIF,Synaphobranchus kaupii
GBIF,Syngnathus acus
GBIF,Syngnathus rostellatus
GBIF,Taurulus bubalis
GBIF,Thorogobius ephippiatus
GBIF,Tinca tinca
GBIF,Torpedo marmorata
GBIF,Trachinus draco
GBIF,Trachipterus arcticus
GBIF,Trachurus trachurus
GBIF,Trachyrincus murrayi
GBIF,Trachyrincus scabrus
GBIF,Trachyrincus trachyrincus
GBIF,Trachyscorpia cristulata
GBIF,Trigla lyra
GBIF,Trigloporus lastoviza
GBIF,Triglops murrayi
GBIF,Trigonolampa miriceps
GBIF,Trisopterus esmarkii
GBIF,Trisopterus luscus
GBIF,Trisopterus minutus
GBIF,Xenodermichthys copei
GBIF,Xenodermichthys socialis
GBIF,Zeugopterus regius
GBIF,Zeus faber
GBIF,Zoarces viviparus
common,Agonus cataphractus
common,Alopias vulpinus
common,Amblyraja radiata
common,Ammodytes marinus
common,Ammodytes tobianus
common,Anguilla anguilla
common,Aphia minuta
common,Apletodon dentatus
common,Balistes capriscus
common,Belone belone
common,Blennius ocellaris
common,Buglossidium luteum
common,Callionymus lyra
common,Cetorhinus maximus
common,Chelidonichthys cuculus
common,Chelidonichthys lucerna
common,Chelon labrosus
common,Chirolophis ascanii
common,Ciliata mustela
common,Clupea harengus
common,Conger conger
common,Coryphoblennius galerita
common,Ctenolabrus rupestris
common,Cyclopterus lumpus
common,Dasyatis pastinaca
common,Dicentrarchus labrax
common,Diplecogaster bimaculata
common,Dipturus batis
common,Echiichthys vipera
common,Enchelyopus cimbrius
common,Engraulis encrasicolus
common,Entelurus aequoreus
common,Eutrigla gurnardus
common,Gadus morhua
common,Gaidropsarus mediterraneus
common,Gaidropsarus vulgaris
common,Galeorhinus galeus
common,Gasterosteus aculeatus
common,Glyptocephalus cynoglossus
common,Gobius cobitis
common,Gobius niger
common,Gobius paganellus
common,Gobiusculus flavescens
common,Hippocampus guttulatus
common,Hippocampus hippocampus
common,Hippoglossus hippoglossus
common,Hyperoplus lanceolatus
common,Labrus bergylta
common,Labrus mixtus
common,Lamna nasus
common,Lepadogaster candolii
common,Lepidorhombus whiffiagonis
common,Lesueurigobius friesii
common,Leucoraja naevus
common,Limanda limanda
common,Liparis liparis
common,Liparis montagui
common,Lipophrys pholis
common,Liza aurata
common,Liza ramada
common,Lophius piscatorius
common,Lumpenus lampretaeformis
common,Melanogrammus aeglefinus
common,Merlangius merlangus
common,Merluccius merluccius
common,Micromesistius poutassou
common,Microstomus kitt
common,Molva molva
common,Mullus barbatus
common,Mullus surmuletus
common,Mustelus asterias
common,Myoxocephalus scorpius
common,Nerophis lumbriciformis
common,Nerophis ophidion
common,Osmerus eperlanus
common,Parablennius gattorugine
common,Pegusa lascaris
common,Pholis gunnellus
common,Platichthys flesus
common,Pleuronectes platessa
common,Pollachius pollachius
common,Pollachius virens
common,Pomatoschistus microps
common,Pomatoschistus minutus
common,Pomatoschistus pictus
common,Prionace glauca
common,Raja brachyura
common,Raja clavata
common,Raja microocellata
common,Raja montagui
common,Raja undulata
common,Salmo trutta
common,Sardina pilchardus
common,Scomber scombrus
common,Scophthalmus maximus
common,Scophthalmus rhombus
common,Scyliorhinus canicula
common,Scyliorhinus stellaris
common,Solea solea
common,Spinachia spinachia
common,Spondyliosoma cantharus
common,Sprattus sprattus
common,Squalus acanthias
common,Symphodus melops
common,Syngnathus acus
common,Syngnathus rostellatus
common,Syngnathus typhle
common,Taurulus bubalis
common,Thorogobius ephippiatus
common,Trachinus draco
common,Trachurus trachurus
common,Trisopterus luscus
common,Trisopterus minutus
common,Zeugopterus punctatus
common,Zeus faber
common,Zoarces viviparus
common,Abramis brama
common,Alburnus alburnus
common,Alosa alosa
common,Atherina presbyter
common,Atherina boyeri
common,Barbatula barbatula
common,Barbus barbus
common,Carassius auratus
common,Carassius carassius
common,Cottus gobio
common,Cyprinus carpio
common,Esox lucius
common,Gobio gobio
common,Gymnocephalus cernua
common,Lampetra fluviatilis
common,Lampetra planeri
common,Leuciscus idus
common,Leuciscus leuciscus
common,Oncorhynchus mykiss
common,Perca fluviatilis
common,Petromyzon marinus
common,Phoxinus phoxinus
common,Pseudorasbora parva
common,Pungitius pungitius
common,Rutilus rutilus
common,Salmo salar
common,Sander lucioperca
common,Scardinius erythrophthalmus
common,Silurus glanis
common,Squalius cephalus
common,Thymallus thymallus
common,Tinca tinca
common,Gadiculus argenteus
common,Trisopterus esmarkii
common,Ciliata septentrionalis
common,Lepadogaster lepadogaster
common,Gymnammodytes semisquamatus
common,Hyperoplus immaculatus
common,Callionymus maculatus
common,Callionymus reticulatus
common,Capros aper
common,Cepola macrophthalma
common,Pomatoschistus lozanoi
common,Pomatoschistus norvegicus
common,Symphodus bailloni
common,Sparus aurata
common,Arnoglossus laterna
common,Phrynorhombus norvegicus
common,Microchirus variegatus
common,Trigloporus lastoviza
common,Mola mola
common,Centrolabrus exoletus
common,Pagellus bogaraveo
common,Zeugopterus regius
common,Micrenophrys lilljeborgii
common,Pagrus pagrus
